filler_ratio,long_pause_count,avg_sentence_length,ans_length_variance,keyword_density,score
0.03745401188473625,10,40.08609501227462,59.6850157946487,0.08916655057071823,34
0.03337086111390219,7,36.86326600082205,2.0584494295802447,0.19398197043239887,73
0.08324426408004218,5,5.0350444628456446,99.22115592912175,0.12349630192554331,38
0.03998609717152555,2,22.210789607022324,98.32308858067881,0.093352578649596,59
0.08599404067363206,6,12.673585565928118,6.505159298527952,0.18977710745066667,50
0.0684233026512157,6,32.449849600217945,83.31949117361643,0.034672930701554416,34
0.03910606075732408,1,34.81350279592919,31.171107608941096,0.10401360423556216,64
0.09695846277645587,9,25.238936001639455,39.51502360018144,0.18533177315875884,60
0.0727271995856421,7,30.669978848242973,52.083426002582364,0.19223440486986984,72
0.05396921323890798,7,21.053899701211517,28.093450968738075,0.1085392166316497,60
0.014092422497476265,0,5.703638303353727,42.340148070636964,0.07897630363511395,61
0.07901755405312057,10,8.332009328034067,35.84657285442726,0.023173811905025946,9
0.08631034258755936,7,25.225280336219154,9.541011649041131,0.07416365043965327,49
0.05912977877077272,5,44.924573415934695,47.22149251619493,0.02391884918766034,34
0.07132447872229951,0,37.477828452419296,23.598491974895573,0.051213664552264795,55
0.02017192023353962,6,26.391660043195028,56.32755719763837,0.1391032172852255,66
0.013933145440587569,6,23.46723153660334,75.55511385430486,0.045759633098324495,48
0.016122128725400444,1,33.095932166020695,29.5633685837714,0.021098851966054124,56
0.045653457048291025,3,45.165154932049,53.93422419156507,0.1614880310328125,60
0.011005192452767676,8,34.14605542436131,0.05203769953158188,0.07051377126683381,59
0.030478125815802906,5,27.983628615990458,41.7411003148779,0.04442156209414605,51
0.09429097039125192,5,14.84438988078816,55.81020020173412,0.08076723421160817,28
0.006489224710898156,9,48.310128272395005,25.178229582536417,0.0994497011784771,40
0.0036886947354532796,0,48.94767301246938,41.10370133182313,0.006610146580109677,40
0.0345071248026683,0,15.780285080013758,14.48948720912231,0.09789055205551261,63
0.02376375439923997,5,21.550240972366396,63.23058305935795,0.12670594215217895,74
0.05357746840747585,0,11.782289478444326,50.81987767407187,0.13916256135817637,60
0.022024104756554832,9,28.044187623467643,22.649577519793795,0.12903455808189,67
0.017436642900499146,0,22.890740948938504,51.77513505274801,0.1675420211814656,95
0.02090716207377137,9,16.607373247182004,65.99840460341791,0.16344444004024317,59
0.055520081159946236,0,15.883353090520325,9.310276780589922,0.17944315159066537,71
0.03390297910487007,2,36.51610234877471,84.66611422383059,0.1712648583756185,82
0.04045081271221901,0,33.891424076942954,8.413996499504883,0.032325742818922754,59
0.0009197051616629649,8,34.85757960986251,0.5061583846218687,0.03216161028349973,54
0.05487337893665861,5,25.17908643438113,99.44574626108206,0.035185050535469074,41
0.017882270922132883,7,34.23348045712466,84.9223410494178,0.13152257846006868,61
0.056830860333547166,10,21.54721113767451,26.520236768172545,0.04879792867581672,38
0.08920465551771134,10,24.54774644796929,35.00784076946757,0.12902067240611298,49
0.06689240596630996,0,13.785934450912002,72.24521152615053,0.05615447248817116,38
0.017711067940704896,4,44.75723100198165,74.77187738974139,0.19061436940479065,65
0.03307503046705137,4,30.753161112687724,98.03315837160457,0.015069251201225643,38
0.026847485689015682,2,12.627173600874162,55.68012624583501,0.1872309548321562,70
0.0696029796674973,7,8.168725888229476,20.891871761536017,0.13422870336481013,37
0.029529058841893874,9,38.3345877989392,69.7015740995268,0.14049681679742185,60
0.03594911512197552,9,41.421251996533115,81.01133946791808,0.17341446371602076,49
0.05015162946871996,3,34.24837688499943,70.19668772577033,0.15915853388722023,75
0.08900053418175663,6,6.242754734316712,57.88648955075587,0.0876948246036174,26
0.01550416167277442,5,31.587496725605483,3.050024993904943,0.007469637749842883,54
0.08226005606596583,5,29.168709223849493,32.665124179604085,0.16557380075751774,72
0.019438003399487303,2,33.6843455674193,72.60913337226616,0.19517041589250694,85
0.051630034830119534,2,40.78337876459167,27.083225126207424,0.08779428414112722,44
0.017329432007084578,0,24.9058503378997,23.978735915740323,0.018774658016258352,68
0.018286599710730735,4,33.72217672295076,51.66962574265666,0.13142226570003337,82
0.004771612769164879,9,21.01877053930677,75.78461104643691,0.0028786977259511737,34
0.011607264050691624,4,9.237064472085205,31.141330939129418,0.19590210572430172,77
0.03463043210894008,4,22.932713047881805,61.585009805221645,0.12701873017352877,73
0.004530400977204452,9,33.16369620714064,50.31362585800877,0.17129796823766447,70
0.007056874740042985,6,47.49132187063253,86.71989335550037,0.12728071948920225,54
0.08009492946823998,1,30.801516875237,12.850035323391019,0.1622408353472006,76
0.0820426843771268,7,45.74077888802287,19.579113478929642,0.013872260175033091,23
0.010077800137742666,1,6.753340953960514,61.825388433789286,0.0673108429777453,48
0.06816136689727897,1,16.731253770615638,49.60374542934062,0.13857807173838788,64
0.034833660445319735,10,44.48624060871738,73.50710438038858,0.16069618607696973,41
0.07506147516408584,2,49.5727313900303,41.26176769114265,0.07440361715855663,38
0.07764129607419969,7,44.02024732443749,56.18666921437736,0.04771937195806804,30
0.023823615240397944,0,29.044736308875354,49.65611906830777,0.0779236172438407,75
0.029763517450931087,2,22.51407554303734,1.083765148029836,0.18107639528385275,84
0.0950061967050805,3,30.804704965547874,63.183721216979926,0.08968910439566397,49
0.029321077169806455,8,29.916637355561033,21.272789502422896,0.18923890857633807,74
0.09309291056872926,9,7.590144200748993,54.95288823237355,0.0883061002746754,27
0.08877041827582999,10,36.76241677454125,96.86519439741349,0.1376060020350078,45
0.08384807637639852,7,8.274335286388709,82.18600592903562,0.14124844543129925,37
0.008134878064189976,4,15.495263259103751,58.13054172267823,0.17262770439780079,68
0.09076937063485463,3,20.75982110151411,70.81811955831998,0.09633339759282307,52
0.03779875901222545,6,24.08999041611393,90.6354385094736,0.02223949646123027,38
0.04686606419941263,9,38.34382374098007,76.71948531085717,0.16455807037533865,60
0.0744211656943298,2,31.251594429372183,96.21725484745419,0.07497411590474082,54
0.022359583851945267,5,41.09491620620303,97.79006687542709,0.11120100772851692,45
0.03226863882775837,5,46.60894986006182,91.91157152786595,0.05059803359784823,31
0.016621543190925292,0,36.308691004307775,45.454106476777326,0.12551161601681268,82
0.05843143119231003,6,7.045087115365604,28.096318959223034,0.19008229681531175,58
0.06201325978015368,7,12.635595675300449,64.68483616687239,0.07765367679797444,39
0.02293947457049497,4,48.847766344977494,98.62107444796028,0.13963234280394904,45
0.08137950197069488,2,42.0141759315426,94.9799913291924,0.145143901677672,50
0.06134151959357899,1,8.723678901588777,87.66614859257928,0.11031757450881402,46
0.07776022837352256,1,49.4274258191725,15.041689110352818,0.11882614307042703,45
0.03808908566310215,5,42.31238993179315,56.908146916574765,0.01270236591800027,31
0.07499107494699718,2,29.994426752118237,76.89874151805105,0.1889531459764856,83
0.08496473906774116,0,15.848817454833434,20.50453285065249,0.050288487902359694,33
0.08782206674791923,7,32.81577082060531,35.81627180328405,0.022711518439925804,29
0.06715731955927996,1,26.429481355505636,83.13714900625013,0.06155544795420989,49
0.04205357786650751,4,32.91392981090591,70.40797680992236,0.04259283230178215,59
0.013637147558676977,1,20.776440146296864,58.991768685463306,0.07844880901994647,75
0.03482554670233003,5,25.2909701337247,91.0471278403273,0.0595918903083901,49
0.05236022760150112,0,47.72842806459389,14.707348092903793,0.1853175250322989,63
0.045913575623826135,1,32.93625579899411,34.741340822541424,0.04182615821570284,56
0.057964993447173846,10,8.413849764889877,12.887972191064922,0.02560916779155449,13
0.034566728332386325,2,44.34429221844877,51.52360548642109,0.19462206985402086,75
0.06019353955409602,2,6.839087731991549,16.893506307216455,0.05571806780639173,39
0.020633371840579253,1,10.793677923483976,33.00995133101554,0.0643165529360058,46
0.00922905862287461,8,35.95031226932373,51.165701354726124,0.03139553654323875,49
0.05365906459873326,7,26.80353433359596,61.825477153029595,0.07378272791395449,50
0.04625347161331479,9,6.650744130076905,25.243694434402077,0.1426699171769105,46
0.05321134852653157,1,25.13355650705546,53.261726645502314,0.04849410072694593,61
0.0269243230949381,4,13.202774531418113,56.39650920188364,0.16814199717558623,65
0.023321641154980123,3,26.328647364375026,35.51043032793048,0.1297645680583152,70
0.04795821017542502,3,29.16979438183465,58.68411180208791,0.149087894836866,69
0.02837759057987245,5,45.48413287152555,60.75552222935728,0.04887063109293091,38
0.04982476978489402,5,32.25986687105993,23.72267917359945,0.02035649452408075,41
0.016068137325955568,10,8.954943104306475,80.58648867411435,0.011130697871395069,15
0.08423140352981817,2,28.60301253066146,41.03968269896615,0.19647572338172128,77
0.0969470433275369,3,5.2385002878922435,97.50671629451425,0.09814975585175689,29
0.07228960966217757,8,37.33057718764491,53.50367320449105,0.0953238968252824,46
0.09679940665042343,3,24.144639737738753,50.7610378684455,0.04848194648301605,46
0.011483682473920355,9,39.55007756492775,8.729017958967544,0.1012207912718694,58
0.05938830975578988,5,20.147192518726428,13.441467693897424,0.01267499409455355,43
0.09899602323899453,7,41.44435006345857,25.464065476376383,0.13630054444478587,41
0.04715761885501584,6,40.74302524849081,10.669925011343606,0.17014549200329096,64
0.07459745255487181,1,10.593375056849514,73.08674752036443,0.1876680913642076,63
0.08418287767582722,7,42.257339922987136,75.05019247653135,0.15990742618390313,49
0.08251326766927973,4,41.6558624104122,66.51972206962002,0.10461308495382388,45
0.03924451074226354,7,25.337687058456765,71.3782454855326,0.17993348905843465,67
0.06241015441818376,0,38.6424221079313,50.27203900924791,0.04644253902936346,55
0.054355286111398865,7,15.306142591615835,54.28493106134089,0.08630562862728852,41
0.03328157859124843,2,20.070752659568875,13.927207266338726,0.1588050378540592,84
0.08938925830509577,3,49.89616771657295,75.24031200388227,0.14139609224869182,55
0.07785719390507512,0,6.508959563110072,56.98896848713165,0.15249173714813813,58
0.08212573046720129,3,25.565009867675524,60.39578720725125,0.10045766949250604,61
0.05398606371128367,3,37.501365577687984,72.00365365460743,0.12822952657705947,65
0.025179905890695277,4,42.205947251408524,95.90747945640278,0.06850485143570868,50
0.022735098302998705,6,25.79026116398597,94.72833396118153,0.030670280623216042,45
0.061145423543464784,7,44.24557590248682,93.21182824836124,0.1130266367178418,49
0.06966508238768923,7,6.036017215443688,65.13672109882461,0.1542493337039476,44
0.007732106548878726,7,42.81978343911903,91.0686198255713,0.02456215636914676,28
0.02359060345950812,9,42.75041389006704,12.466268120326685,0.18416837652347448,59
0.05912754357449293,4,22.068756427349697,74.42496518432888,0.0411159616751275,48
0.07877898887144924,9,20.007462726101487,39.81686935909433,0.10747912058758458,46
0.03469532018962277,1,46.33046262226855,58.706822413656724,0.00656933404868767,40
0.09127494628791288,5,12.937414392780049,49.83677727394797,0.08378508990090959,32
0.058058835027804345,5,14.904374633649368,21.26807843412263,0.10303473648136252,47
0.09755413156827564,8,11.689822748890084,41.462412372702374,0.017069933615728772,12
0.05953850173200438,6,24.205500740153724,79.97820220742695,0.06987739980986661,45
0.04682318284413794,0,6.64473505316427,47.206694510999924,0.11296822665252329,65
0.04407627469382282,1,27.365537696956206,76.53562810662406,0.020596295866263103,35
0.03343628113104822,6,47.575195796013475,37.330931627975296,0.05414893462871076,31
0.0025386355660344862,1,44.014719200518556,40.79844953648447,0.11034451905186796,73
0.02538885640433043,6,35.23517346194278,1.9710537754364155,0.02082171639691477,44
0.06527461078518747,7,9.474862674170533,24.317219099945408,0.14445338637113184,49
0.08556964681062858,10,48.31921933496936,94.44097255772735,0.028216369755542717,0
0.008692501495034933,9,8.847883888451063,20.78862551460273,0.005306440774763943,21
0.01814354350897973,3,33.93165036264139,70.39461351385094,0.1821248007080608,74
0.08251073314226598,2,31.56327241316635,26.806364082287626,0.12482978156982681,70
0.04094116521912405,8,24.62569381108925,29.44657595419177,0.18969066139243135,71
0.08684679758979129,7,49.34152905087806,47.10654526938144,0.03642142776431665,22
0.04847783671503462,0,17.090481172322573,54.16342146608669,0.12669564396522945,57
0.08349302367992992,3,10.952429500639868,90.05723012363856,0.1382443715219309,42
0.06831838564454815,5,46.143446295222454,11.775108289014113,0.11530329510285071,46
0.06514203883518642,9,37.40911617345331,10.657873012867435,0.0280037077320898,26
0.026368380263461645,5,37.948306030657804,25.073066056159774,0.12661961267148952,83
0.08381069631782959,4,22.241233771227385,51.89177052828376,0.00939319335501101,36
0.01662833687560794,10,13.296691430553345,9.033696057760787,0.1541971851070957,56
0.07215328611219056,7,30.488208813360373,47.60504021990997,0.13273423307252963,57
0.09368297393247581,4,26.768972386958573,26.99112223921949,0.10796855578163869,56
0.08464078493145573,10,31.857928201260016,33.424389081696084,0.1541824407491644,52
0.010659825313377181,8,20.819307251039845,41.27935506067523,0.14098510993779062,65
0.007593341036962209,1,40.97371455360407,69.46964708544267,0.05442902744599254,63
0.05902306668690871,2,19.156845056423492,80.74302518167612,0.19241975715282356,65
0.052130066741356944,7,39.12765862755567,63.894938533426185,0.15180716910776998,70
0.07241033292731386,5,49.125956008099465,90.33638126360249,0.1293329838234327,39
0.06699174645500393,9,31.471869063646896,99.93534995658348,0.11116131628743593,46
0.04732101180813334,6,6.527569036360948,69.742026724684,0.059469801474510156,35
0.08620426509893135,6,25.481465826627023,52.243457607116895,0.12890933012516445,59
0.06501673504432282,7,15.350397677946637,12.056688577727881,0.015390640325841832,15
0.07247667715287615,6,19.188065202377466,53.949129237533725,0.15814463296779271,56
0.031875250293206994,1,28.407564944542933,42.68170566548643,0.1753330755724899,81
0.09903413133417771,10,44.361575270788975,52.8937134027212,0.18781353970257925,30
0.07987832357736654,6,5.426844513282413,5.268383597722859,0.01770868212272363,20
0.058075720722732774,8,39.572303623903316,41.77667821673337,0.08427140045541404,46
0.07375823015888915,0,9.97133509091276,35.462215764077655,0.05744779833081635,36
0.004209318963636188,0,45.96525959258904,4.510067722032318,0.02189351973582303,44
0.039163014054035605,3,14.821424953927888,94.99611839502253,0.1572690028831104,56
0.08791183075621647,7,26.033068006244136,61.34113892107077,0.03340678921841505,30
0.09911686261369766,10,23.071110639146937,83.78257352832455,0.046113839161003804,23
0.003673193742661363,9,40.081301310503896,35.01252591667301,0.011568535312679274,26
0.09691026301408114,0,28.32171650043765,59.7274072430341,0.10500630017205365,62
0.04911863408686266,0,11.925315785293478,81.58331249906178,0.04488811436733214,30
0.02238176148226231,8,31.682297067876643,58.00862078378112,0.018297367479550974,41
0.012951492128280418,8,6.996949858995655,85.21935333470077,0.007084473683709014,25
0.0329051365369871,8,29.78858167741127,8.698675991141014,0.08169064261413975,46
0.0723420113688585,9,28.967113373034294,96.21219725920498,0.02189377201089078,23
0.08944799309680675,0,7.768266180765577,88.29062691374612,0.10321580408872333,43
0.06621120101065646,7,30.4579383798106,26.70282701694213,0.1757259972710316,72
0.07974260216069282,7,16.037848951490055,15.734065970252598,0.03208002106601442,15
0.09300903505097387,3,32.837512019683295,75.27166395576413,0.03172102105861474,33
0.08808707591989284,9,25.946150394649262,87.90714802281316,0.0010290341509429535,16
0.0908701309269368,1,41.8085160853578,83.21341779577419,0.10149354675216725,43
0.000638587171683358,10,49.153378011234054,63.18135270166684,0.051960716212831964,38
0.07798453951511436,5,17.750432671951174,1.842771873821747,0.08644815677850247,47
0.08401215027412189,4,9.612937759580566,93.72284872364511,0.13757714446016267,41
0.07081720886452816,5,36.88574020711832,47.35738884350885,0.01158409211175966,36
0.0074694417757854015,1,44.219156276856936,97.3488969177397,0.1937755710571383,72
0.07582631959290226,6,7.953176505830583,82.15129474074409,0.07436670584774492,29
0.08187856433570938,10,35.748291947292735,44.590270637674834,0.05472533325633318,28
0.07948095487499295,10,14.934632575494218,8.238104561584269,0.13609986041494262,35
0.06545112142811353,10,44.06244451395318,96.3236653440132,0.006260462749503249,10
0.08573600920924987,3,22.891747908325744,27.421520234867003,0.19679552959196567,77
0.0409334006315043,5,15.347957265098879,21.31047040250833,0.006226816576902272,21
0.08643582498396371,10,48.568704256162476,18.552551570312115,0.17372463359112217,49
0.07765968527917418,10,43.01524526525994,76.10239909429988,0.12524406432628307,30
0.07965372909761764,8,5.055432582489165,59.832726512242694,0.12146128965253425,40
0.024753995560337517,8,14.023612701515152,49.15945467414369,0.012841787415026819,18
0.07975591006371882,10,49.295813333130674,14.958064266756576,0.09291971932716203,30
0.06804566263593252,1,26.597247562270557,60.00205481193037,0.05833251574186065,59
0.07798509888933498,7,37.592838865688535,74.9161639101283,0.02918441480702909,33
0.01027924044926657,5,32.81700804431536,70.2464970544104,0.11192973669738282,60
0.03506269312091808,0,42.10313211035752,35.78013509282714,0.06441894044386708,51
0.09774663863147859,9,36.02592361117696,80.05866991090829,0.040030048848962024,32
0.003158614482564204,5,32.74720618381133,61.29441748656059,0.05976717726746277,65
0.09352018152994597,7,37.13391194595925,80.17280830697918,0.06789003850856122,36
0.08172977699624938,9,26.640672415204318,4.075410609247276,0.03279989619789945,36
0.04386072164895384,1,7.715843779575371,24.710323401014644,0.03190893602263767,39
0.09758652558191314,3,38.492557951773,87.18327789731212,0.08673106679127779,48
0.004366165770736119,1,5.938751268119215,65.32630192373301,0.06646292507102179,52
0.00815264895524267,2,35.61027090940811,7.219840897917584,0.006130500441161213,71
0.025768288851121368,0,44.072262743377124,72.7169069766308,0.1485413042399962,55
0.03710387629846027,3,27.7180196851858,54.33005233632884,0.102799173561745,62
0.05880583780900792,9,37.636594718681145,48.666894142470284,0.17468464761633212,64
0.02768277972350516,2,17.773453787389023,35.915102966623145,0.07676943037355927,55
0.04658128070202486,4,37.99008600868764,13.15676851272598,0.1431649929364177,72
0.049227785644803485,5,44.183745557263016,44.53052550026655,0.10296347078593804,44
0.03592333693997657,1,9.286767857958182,65.21232455304379,0.06242961133928942,53
0.0009030404129550251,0,39.80629065589703,13.087366071834982,0.19396420901570896,97
0.04537895413836393,10,44.76693513473386,44.20243737828575,0.06617787259783439,38
0.01457565682447517,4,16.192142266443348,61.714498660403,0.14135544337708916,59
0.016704190790094987,3,22.07113654650907,60.553815764488284,0.07134641060800033,72
0.07053855941122036,7,31.34094639785385,86.82712805132586,0.04116824200735365,36
0.011191961939772788,1,49.40118411607227,12.297080852962672,0.04622618248552932,50
0.022470117697268,4,47.02437578875572,31.61561049767505,0.10144696173767849,50
0.0041572859050392095,9,22.882054480898045,47.989708159207325,0.13719354719659682,68
0.025422457989749327,10,26.99809611156141,66.68642575461044,0.027930250951262583,42
0.0029973589872677956,3,36.7106343231491,20.185345212294838,0.13468648666498348,77
0.08681422543775054,5,16.488793612779432,66.16323503711467,0.19572625748010608,66
0.03742967671397927,1,15.986628069006843,83.08771913417054,0.17292176719100735,63
0.07955103716964032,3,35.443102359976095,21.567515239771716,0.13177709404653146,65
0.03938644056541585,4,30.973335652028666,34.85736672419705,0.031857489048561026,42
0.08664386675276455,8,44.18390526517666,78.23854840582734,0.11340325219733356,34
0.07384492092513266,3,34.27302415062721,76.51908645557846,0.18513496617614236,75
0.08778911590413276,6,24.601249166581987,81.78342161750216,0.02404181107412169,29
0.05444890979608496,8,19.77715525482865,63.02087483291442,0.1219663610997389,32
0.05484997216514768,0,15.689485889344736,37.325179162934006,0.0454539254526303,48
0.0073195923768443645,2,12.579997331422383,64.25759689471896,0.15186886558457321,85
0.09514785596659912,1,26.563184493337893,2.5642065806435688,0.06824956552523127,52
0.03801956187858571,1,28.69807087710318,24.606965879799823,0.09533909500823184,74
0.07468757161358228,10,28.455535961840045,82.23934188170581,0.08617241830760668,26
0.08967142898401224,4,45.41137470274941,24.34822965762993,0.18540690895926135,52
0.04858717591863257,4,17.819280588286528,30.728996492628657,0.1606051795665327,58
0.05391612766752545,9,32.46502024899132,71.61506742231936,0.054524800146706756,32
0.018114934953468033,9,40.99014929408097,18.4585129537033,0.05905565784406202,34
0.07934072581478374,9,46.29886201271198,42.45274251963619,0.017407792517531728,12
0.0526499194153781,10,5.116280668024207,63.79852057932977,0.10303503406674633,40
0.05935385691231472,9,14.5420177958702,61.09809888509917,0.08220569396134095,25
0.07805255152438619,1,37.93811304135355,85.11742608527709,0.1342849339061229,60
0.08095299757684418,2,33.07366961044579,45.17676787372291,0.11732169263509483,65
0.08627970775432287,6,29.09111458291974,17.844596522777213,0.062454357209759205,39
0.023024616842786994,6,29.60138357213315,23.194709611597542,0.07818119918110294,58
0.09877855202148873,2,31.867111260306125,67.5841245087376,0.08854339335590543,66
0.0445790914577229,8,36.15962680959663,99.12559937021884,0.02567885789082505,36
0.05783869170064091,6,39.76802273522222,26.48954472367334,0.1290579675051434,59
0.05957507281889567,8,19.551720295198436,22.6656402226988,0.07099926116638747,31
0.0067612563592214904,4,8.146922256924537,64.01682238281661,0.05422948730003696,42
0.059281199165342274,2,28.983100394810087,32.43337531153756,0.06660038261163959,60
0.07306505102392462,3,7.706405417035334,56.22968158779098,0.19152505690107605,72
0.017530294235765964,8,12.671507217826289,40.94778530052039,0.08453782267923791,30
0.011982900201764636,2,11.858720599868786,99.24835021583752,0.18540019358485907,68
0.05399571302805596,8,35.22012996258668,9.292914437938993,0.051409453286415975,45
0.060848641265979136,5,12.168680927854114,6.310903307915017,0.023529805694711727,29
0.022735730009609878,1,22.140928647994425,34.63217685890035,0.047811066439453126,69
0.027970353847147925,9,32.02674500122778,51.567942769649775,0.18387839464288347,73
0.04969634829058303,5,30.495891297713836,39.10427630581744,0.10023059983640195,64
0.06279500527726359,7,28.96165366517418,72.14220673287318,0.02825560985510116,22
0.021198249090223855,8,19.513759003088683,2.2893824976120247,0.030758229933606218,34
0.0575163350496625,5,19.117746103734323,60.63709444333756,0.02783960492350597,29
0.0898261627292706,3,27.61547344085491,39.86630277723131,0.029274798432449824,38
0.0025811906949486985,8,15.464811126442104,7.9965394359301945,0.15534472609433855,58
0.012203505212439503,3,24.778025988480955,10.566468426174392,0.12816526293804126,79
0.06502010923981534,2,22.39073785216162,56.44410906788825,0.03835649111837212,44
0.021175535066547835,10,38.941409495473835,61.94977514075877,0.05947100964736778,41
0.007462981433708171,2,12.99948745330617,69.16180555693194,0.1236103348574372,62
0.06331896260134641,7,41.628662127770845,61.52194382310109,0.061250724157322335,33
0.04260833838903715,4,44.897189685821004,44.97846488213225,0.03892450236415301,47
0.036775935087728966,5,42.23920530050934,73.3614380561402,0.15386097872826798,53
0.04813441516353237,5,40.565198113706664,58.21482297799723,0.13619496544764892,51
0.01896948481746772,4,14.684084240775688,1.2120774643893273,0.0482402915199083,42
0.010973619867750351,10,25.44698005519824,84.4357082739616,0.01961651615684892,39
0.04882411370217782,3,43.909717646318796,24.347796840486723,0.13034212958219368,57
0.08595652316469458,9,40.32574447266756,89.20846889402344,0.19106693730078567,49
0.07869033862552952,8,47.42740136359678,80.8883461636328,0.015283371887610288,12
0.025305843280078455,7,25.766485908113037,63.72014768082804,0.13187078444115655,66
0.08951177407065364,7,15.213411246441387,88.93909161288443,0.09012393134595159,25
0.004783082039410547,7,8.815640722061145,71.63233880626822,0.014416867199734673,29
0.0071256727765258605,7,6.600689016599675,50.857928944757845,0.07751904629655391,46
0.09707499576706702,2,34.76167749816865,18.519556786746794,0.03482186706681687,43
0.009839564971339733,5,39.39676979997812,26.5046428325004,0.004188992206182562,53
0.06246635688542638,1,35.030767912089274,1.0427699397403067,0.051082696937043905,51
0.026071329991991656,8,33.97569140935088,53.030213324915835,0.008390244686327254,47
0.07480731794295321,1,10.764308586479,33.82675059944984,0.18561672806520996,74
0.022461561184385193,8,21.919680047359012,55.009194045815605,0.07773055972596941,52
0.09283175328485771,2,44.911620509417126,64.5810812655206,0.05718135784783203,30
0.08159469389686173,6,44.567089699902716,25.84316202918181,0.10880331583655033,32
0.0978397278800596,7,30.101595147998147,18.059459817530087,0.010771641399605226,31
0.03200598325209835,5,49.31013827860287,93.73880664971189,0.008634747159402335,24
0.07259799099852955,10,48.430838395714844,48.839413006493956,0.03013522154197548,16
0.03423836360335465,5,29.40067424713317,59.03476904587729,0.10167210938325599,66
0.06888853020500907,6,30.972775247939754,87.71384415114039,0.08676010245095436,37
0.01608481739577462,9,5.419922892219199,24.667886452162303,0.14529234302260097,59
0.020403563462889886,9,38.405662275762914,81.51183844803678,0.12299564806822648,55
0.06878841098799152,8,29.94019313594075,0.5229613542912737,0.1521981520056188,53
0.014888805033244468,6,26.164357434580353,50.20502134884472,0.024942811382278097,44
0.038537588304736185,3,37.493192219123166,88.61957804650746,0.11860886683735683,57
0.06956181464968068,4,6.308212115477918,16.688511785487094,0.03626385598510105,21
0.038767359475039426,0,31.469102012677574,48.09728898861238,0.12846510518104548,78
0.05614845879595237,3,7.376178221083764,48.65976622437531,0.11987379313258678,48
0.06021456440524811,2,27.421505701855413,7.705827913433117,0.01171018584879584,51
0.07076809347409158,3,28.27710753987242,44.01989979554906,0.02949050534125679,42
0.032819275360931155,6,15.61359196146592,37.142200187304574,0.012508445379473689,32
0.07336158300423125,5,33.915433979083616,42.1248053294072,0.12723547294164655,64
0.0785651618080232,10,35.86600719724387,99.11264318213037,0.14944391754840755,50
0.09796467150338835,2,6.178851883942915,2.4191763891355245,0.1663394087351547,47
0.02730708099728124,0,46.832761529405786,78.2581939851338,0.011227220683242,34
0.0376914164736372,4,26.640770033888135,43.51803992553568,0.1874706588431729,84
0.07060190076640246,9,8.627068119070609,72.79393069737652,0.09929223047105995,36
0.07655128989911097,5,15.13506660208204,13.134940814490669,0.07976720594074589,33
0.09226230580877898,8,48.04765794875561,6.895801635642118,0.011410944230250865,7
0.024697879907199984,7,48.86755937515004,37.12070938899983,0.08577737577220773,38
0.08447894362860214,5,7.941477090397336,48.75711936733843,0.0067227200366565265,19
0.041109560260070656,6,8.889107484314591,23.67843093113854,0.14648974636761797,48
0.05483205837264243,7,30.20756825578289,93.68224620330918,0.010451575857204755,24
0.07308209649807298,9,49.07978781717906,14.496507237981703,0.14503114551022298,38
0.0191190701464789,0,25.87696190097513,97.2005329631537,0.12170545453929332,71
0.015124682873493457,3,23.809547024171795,8.884024508756438,0.1367508211154085,76
0.05451055282606997,7,10.164599234114785,86.0139693349435,0.14456286064169674,44
0.05435382173426461,5,15.176617321547333,84.69187280885599,0.08572610939409515,34
0.014095962752176928,5,43.248891716629785,66.90223373291083,0.09245911220012144,59
0.05454318694069055,7,40.41365607129499,11.193592702153033,0.07119467475897055,29
0.09780618179735286,2,40.38251897228149,20.13637821359744,0.05172416697760776,29
0.07567515056886351,5,5.807555535582132,12.625378279261346,0.13192587327894845,41
0.016161981128587143,10,47.59870793898232,56.01822583749119,0.15014590139986944,60
0.00941519101256979,2,45.914909263770205,53.870179795271426,0.09956250160685805,69
0.01054736999566306,3,25.326356865425723,39.73813904853165,0.01868159439505912,48
0.018672329577304147,7,17.9212081138059,79.28544190338394,0.1155186731762315,44
0.06345824175503038,6,33.92035959525906,19.58408125869189,0.17939158608470687,57
0.05578201919292014,1,19.2542754680387,85.7179256998753,0.1812286509531533,68
0.027690448737780895,7,27.81729967394485,59.8112629369018,0.006676720357276245,48
0.08203775074489733,4,24.814553826575704,61.529802506980204,0.01669281699787666,34
0.08824163684073388,10,27.73430481094872,96.71266152591704,0.08355219585501994,28
0.0881927758304644,10,12.30050326021157,1.260751997575904,0.11195113672767652,31
0.052739962212267635,8,42.033130079966874,20.975294768368137,0.07580542524381949,36
0.011074844531895812,8,26.202555451976657,82.16368977104716,0.09185303943464279,53
0.03577982653254418,1,41.866479719215754,87.98219139516952,0.10508698250913857,49
0.008717946783183118,0,15.794335074017512,14.19719897609939,0.06958828231643333,55
0.04503509789054127,9,32.61998384670646,43.550545439815934,0.11544994615372262,60
0.08437373264067244,10,33.53639622330816,12.626474156450273,0.1352355124150868,53
0.0325104015431699,7,5.171771035595621,68.166948240162,0.033426402294244255,35
0.021552986879133186,4,6.4935209553091795,30.39464012407238,0.1306325581062566,56
0.09383048184484827,0,39.472914944088615,78.84473432532987,0.13299698069519905,64
0.06707323119058341,6,12.608648166019663,38.975938742649205,0.07590058067494372,33
0.022673038292351066,4,29.59916990845048,38.04005489704097,0.19536006570213188,85
0.004202467517140529,7,6.222875724087987,96.62434107067982,0.025490791884573795,25
0.07076883263306187,2,42.17175732499573,69.93153751262037,0.1678921819001534,60
0.05591848068293265,6,28.970414904269973,63.50891059097188,0.08996844159451185,55
0.02184431828833071,4,29.331431449020965,9.653447019544082,0.0483787656517678,57
0.03012652607600004,10,8.34083928447739,22.635149434148595,0.1460492294180292,46
0.05988082963834915,10,45.63027478363943,85.22638743911814,0.13356093664528132,39
0.018533017952871444,6,28.90924342556266,83.81521835519244,0.05705806767146329,51
0.042918259339635695,10,49.79468822860895,85.56960938375394,0.1042891378087179,27
0.00938572848233562,8,35.11401183221353,82.92867993167555,0.17579578005645347,73
0.05717723520483223,6,24.36923346444456,31.69465877911193,0.08691919217174236,56
0.08925232899548462,5,32.31903104234393,63.130755309198875,0.1183394324612651,62
0.07026337730855163,3,35.43918630522765,13.169343847203852,0.046836889363097135,44
0.04728971328109049,8,27.781972677284124,63.41040313763313,0.014186443226754686,32
0.0254391580841847,0,6.78946842448563,60.40716770712192,0.18147603294256942,75
0.045046530165781834,0,33.01338630783853,46.974376299068375,0.08949362826449157,60
0.04742884204312606,0,28.245768280069058,0.5505799160420821,0.0015328065298450657,49
0.0802585679579813,0,14.832942545935863,39.67968470863165,0.008877554434170888,26
0.027782207278173446,7,8.919174505809718,61.70665161178013,0.022767678695320284,30
0.08742225246851759,10,7.018410561060589,45.0597018983134,0.1858853388946228,33
0.016520393933785016,7,23.98226803424741,41.102107526554576,0.181522200511311,82
0.03093727178627821,9,47.977723016824505,82.11982825502265,0.00031302103829458086,23
0.0636401370183407,6,37.29074561292175,82.95875568652504,0.008111747508936284,30
0.06652921019780553,0,25.53064290299939,36.90530217609166,0.02420500009703861,54
0.041894779018747545,3,45.51445706334221,40.42397296442092,0.06421621941741003,40
0.0646096175005063,9,21.286399587703922,59.36607912085384,0.0020262368055486758,37
0.06360960464095422,5,10.208192300541741,15.432156528307939,0.03436969626541891,35
0.05299915229264188,2,29.02853626464937,14.213712379345766,0.0023413221461808134,49
0.0422034260127639,2,25.19838822536187,8.439238054454234,0.07987374967893819,62
0.08167232025585447,5,43.052196334545805,69.24928266692253,0.08598621547802963,28
0.06729666223944324,6,29.414046583951315,86.17424949182954,0.11805710859063195,50
0.04501233611819322,8,24.39433492309833,31.886681832113883,0.11643974931882278,51
0.037117242343762756,8,6.233913948769594,39.297422534529126,0.10516251977466476,36
0.06457405100956123,4,45.054366583271374,34.58774607378574,0.03089194944466476,30
0.002544775990575088,1,33.66060428546345,34.060416658129164,0.014342377769530202,51
0.06771206397350094,4,28.89884051983593,84.17233617446762,0.11604430375700588,52
0.055968844483793995,3,12.531187991238259,97.20252564965911,0.04569734935095415,32
0.013578904706393714,9,6.754820565871022,3.095579091934353,0.0775973519893739,41
0.016002493646319404,1,19.094281748157833,14.706185056658839,0.0975702394384813,59
0.03703969862753065,4,26.330289281742015,44.41277131657516,0.1989715946118643,84
0.054538112121830254,10,48.251096843341685,38.94818949024204,0.07710238094738447,32
0.01541450431784871,0,28.951588901703925,16.833695591913024,0.04938148533351712,56
0.08385492149028283,2,18.60499622081722,25.933489731709447,0.03892476734097439,31
0.027024769213078326,10,30.096897181251975,34.72770390305075,0.1160935201987392,55
0.013919670134569552,2,11.77346712485361,81.67569301195282,0.04146180063751159,45
0.030048938560043238,5,30.621981253202726,62.06604798245841,0.04026242156448665,56
0.03951377432643186,4,26.3995716869072,54.302458395766315,0.04554994722064192,54
0.0869969159647685,4,38.56370173821554,54.9322479403174,0.011548210373834756,45
0.06807558929604855,8,44.469076145818505,94.40420938253979,0.02975919388102313,18
0.04834074359731466,5,31.492918495909393,37.53299079196019,0.05715671110517404,51
0.02032230910860873,7,24.855067114489692,60.575530313905666,0.18374694212127549,85
0.08944525568242323,10,23.341289385821764,82.7518922106303,0.15290555893094354,43
0.05735289514555733,2,14.021353198778126,10.92642103096214,0.17079239339108443,69
0.0893090205195415,2,19.03545860019262,25.60475651049543,0.00615800993208957,23
0.09715330423905888,6,5.860224249339382,47.68434683178171,0.13754440848611213,45
0.013443512940812186,4,21.142198643765607,80.4437207679505,0.05575197448291061,60
0.021070496386720317,8,40.70273064374065,99.05460327701334,0.04013020348075225,33
0.006902954088784963,7,47.16909628064577,82.19266359399296,0.16183663422780623,49
0.08844242755019771,2,32.612185140685625,8.860471396967906,0.09752556193344218,57
0.040710648912562764,5,18.776180339581693,54.91303362771727,0.12641796590124846,48
0.05770406644619108,1,5.273993670792758,10.094119997752149,0.17378885045582904,62
0.08420744373985793,5,7.260170515878819,7.290183536790352,0.08057465652652743,35
0.029529049404794328,1,17.645202450892114,80.34827432968846,0.1858456107263708,73
0.032149570124788196,4,42.900383585477655,54.898044944164184,0.043854792384775146,38
0.003366917821387272,2,21.101633785109698,64.78174459905284,0.024584135693077516,60
0.04493497420396421,9,41.9644396239167,55.46573480350956,0.127418167416181,48
0.05262784603382027,1,37.12786846279654,82.25347943841967,0.16079170151050406,79
0.014287596133941172,6,37.429481537740095,40.14456309131936,0.031724828905275594,65
0.0881992169721636,7,33.330096360128145,5.4332034822903825,0.14972904682524,55
0.027616955782089947,5,45.30770266667778,58.32665178130454,0.09339359999272215,48
0.03403707463057627,8,8.722195768595906,93.08873720608084,0.16534293198620367,51
0.08665479817490869,3,40.501961229920326,89.18721448107347,0.08676348391530592,28
0.0909943143854392,7,48.38352874205487,8.928952452557294,0.13740385330064855,28
0.0632711878748601,7,35.41314859089514,13.911584889108752,0.05084627674973912,42
0.08755112265526162,4,48.47213773079047,76.1037790250783,0.19015454154626762,47
0.010536492225085648,2,33.5452882870042,99.94662482156306,0.020961612999514424,58
0.04985707995057092,6,27.518051556959055,43.272913601970465,0.0915399210318588,53
0.03698132559871766,6,39.54054328330632,41.6504431903879,0.16443597736328466,67
0.08503480011198955,8,34.580906697655784,47.22818041629817,0.17603134758429703,65
0.06077521222527226,1,22.763045923017266,93.08072973164899,0.025144853798445246,40
0.07370965504320513,5,34.01746718100412,39.51309076115032,0.14264137665652354,64
0.028740959646557974,2,35.00899972479148,82.33094298207179,0.15640306698659345,75
0.05438057278662374,4,35.96199997262062,24.188888355414594,0.18221374055347672,80
0.09488459558311305,2,27.178906300135097,40.42897472548691,0.10618753568241877,62
0.059513167490568154,7,37.618542469175765,87.76470196507815,0.008331363676536486,37
0.04549188895075871,0,28.458322144436252,97.60138232792136,0.02511004295253068,48
0.0016947664889580994,10,22.216114560678594,36.77336508051099,0.036347838141892595,37
0.034180370549218256,6,28.30822374706605,34.80955931682881,0.07434785898126606,52
0.00013536257154681542,10,34.83533057637992,54.8382036195654,0.17585102296927693,77
0.08297631202876449,6,40.11692556069412,45.79957590035715,0.07960105859090057,42
0.030291572883319264,2,36.95609443091296,93.73784381643208,0.12065836114298861,65
0.06716422815460298,3,48.100541044469175,94.27243190941122,0.1570379086296817,51
0.09913279015642207,1,34.00660286340546,56.12935429484027,0.1553856020654451,72
0.06197345714330892,8,33.00861387046985,78.1321855747305,0.11565967988407214,45
0.014696270958820968,4,28.726933141186546,90.64209639144369,0.03277620475609644,56
0.09473952495864468,5,18.072702755213918,46.99882681579366,0.17802822747920294,54
0.07077213502675275,1,36.054345120702955,93.0606804846537,0.09946248923379448,50
0.07610883060238756,9,35.58291497307985,7.623921797356448,0.0549407630095784,34
0.08069654908839936,1,29.608683843880677,18.030793542277813,0.091719588702768,65
0.04813333765356649,10,35.3457040560561,13.699906305367138,0.1989962738650186,71
0.05272326607539127,5,9.900199129146758,63.653864675335434,0.0996472000998546,47
0.05225397167320533,10,25.65335657197844,91.93874045726727,0.03521909426611893,31
0.021395703868823692,1,49.15300265430325,19.010764978372762,0.15851902325767667,70
0.09773079079915037,6,22.67571991142045,85.4221906340868,0.15461780833949323,57
0.03099999371717893,0,25.62055926767752,78.13488406144063,0.19203355694574908,90
0.060306430617051654,4,5.406731108568148,35.702934397001215,0.18523881368635642,64
0.022867677960360877,10,7.072553038548037,80.80792823558299,0.03557762480980469,29
0.025382107815669488,10,6.312639364036901,48.0890146603009,0.13248680234021362,46
0.011850262359815157,8,11.92131610887235,99.00863760674821,0.19096939860769363,77
0.04815493402758543,2,22.6606183803266,75.42649733470228,0.18368528642908175,70
0.09509285945025485,10,17.39965726487675,62.203956237099376,0.1984884578749558,51
0.04156038959073355,0,15.817951080207811,19.159294573482576,0.18364781733508742,63
0.01018036829495369,9,42.79172729654889,75.17721730390933,0.04573888188007296,23
0.04313806487740747,10,30.3496088914871,42.75018313281117,0.06526768618639744,47
0.08396596557087904,6,45.234243613996284,94.64565131504055,0.17851164549729492,53
0.04763357333010988,1,14.210604907577778,59.113030325851646,0.037227179550669585,38
0.03315646990671938,6,6.47643308578738,63.60424687799683,0.0728708476856464,44
0.04600023955807989,7,42.203604561181116,4.76412574365066,0.14534984483363933,49
0.07739062217706652,7,34.459280908967955,15.159507480009937,0.17517661670341142,56
0.042522818543769395,4,22.6320783477575,54.670052055676834,0.10640433579685037,66
0.05904310898226933,5,21.297931465942774,72.31282738825541,0.04011205021459659,46
0.005190094358730902,3,48.50804749096784,22.429348328504506,0.13260943836068448,63
0.07418963269587152,4,39.158102266626905,60.96310116569019,0.17920815993144382,70
0.027143857763420022,8,21.692345367099435,90.19401967491501,0.16133870393894786,69
0.09848584027624759,7,39.311729801399885,54.24710034626561,0.02992028990539051,25
0.07538297005692186,10,17.10588410592397,51.7596301315522,0.05376934849056867,11
0.0628434047418999,5,16.939676189996014,60.15538792998241,0.05931198244118614,39
0.010251596406647447,0,36.88203638717588,17.20892292952594,0.19448399980802067,100
0.044881364574660604,1,36.37442218593365,71.43266357349975,0.09234322876262382,63
0.07289810616558165,8,17.333221520398595,80.7070903866703,0.03904812059129841,19
0.034534195224488785,5,34.93157874072824,15.732628000182824,0.0237748782354144,51
0.04353242214552362,0,19.03928091468883,48.25004202353607,0.10133452979654917,62
0.038723727117809595,3,22.29597673358607,2.519341395922936,0.16779946554360214,79
0.023497340499595277,10,27.54895461179887,70.61931829633586,0.10685811037873516,53
0.054073456713310424,4,27.715801923703765,71.845394732255,0.1725280942298358,73
0.05527070757185453,10,44.57034590794376,80.87899845635384,0.13543048249153475,33
0.06250291860852057,1,44.213631538588444,67.2702994208898,0.15933627943827447,65
0.05717459831437487,6,45.77391772165672,1.2156771477386807,0.13480398381175854,41
0.005183579911972902,0,5.890804625626448,39.06821109859392,0.03828553609990851,55
0.043054020950719,4,8.075894013948137,78.37598424841073,0.057151664918541206,34
0.043276687959926265,2,35.489342547659035,7.211109292943519,0.041080281695605875,56
0.07848618229588802,6,33.45269691369379,19.899213895943678,0.08366677282045604,48
0.07509397983633183,7,49.56628018992674,32.525390592455196,0.18825448964837033,55
0.01031213624080758,9,10.09865771273589,40.36010023615913,0.14757699696692125,54
0.07045544280274453,8,14.199825827729608,51.970426289448426,0.0148084435824696,19
0.07401613687614632,1,17.935774920376254,65.67560634745571,0.19370746633997846,79
0.060363720055937514,6,12.744977127024995,92.55222078518808,0.013666820969120842,27
0.04580222116682588,2,34.18271690534097,26.74020278575413,0.003022136842895007,44
0.09650153694544719,10,35.42118296236464,70.66298698787095,0.12200148341589714,34
0.059766828270270314,3,47.6030178015528,10.590580440375764,0.03096572251954397,28
0.09447362587830797,5,47.25756931852342,0.6682129223887778,0.1544602030330686,39
0.005048894441240792,0,5.692770126108881,58.29260568042631,0.05062030783592175,61
0.04502542461428904,0,14.921766206298685,72.57259103641033,0.12344980416974514,51
0.06649945162377738,9,5.374397400223641,43.35827926326144,0.01852509661027344,20
0.07483843496762314,8,24.530943771894147,25.871164215544095,0.08688066380132196,55
0.06376882468959355,9,36.539043613764434,20.40246657385787,0.13079881846796024,62
0.08183695664813373,3,5.618549930510536,24.83762603698002,0.04288129659863291,26
0.006252629574284574,1,37.97300636537743,60.67317247174364,0.13457433371961597,79
0.008114917853623916,6,42.73213252293612,80.50903184956627,0.16459676100835352,59
0.02002820178676259,9,28.112497094494604,25.335717005966142,0.19753191846825036,81
0.029149574092372288,9,24.237304266054164,20.62174050841399,0.15994375279297224,72
0.09152571849178232,4,34.990837138707604,78.73870267523328,0.09086908461353103,44
0.0630247219456158,10,33.70794182081325,83.36431341439584,0.09988635397336708,36
0.07839873586893555,1,42.11344568061534,29.238311041219312,0.08878389090127557,45
0.0021913328775008956,3,31.560469661790172,40.76328579796558,0.09390510840877253,77
0.0011492473298115313,8,16.71064690933532,15.949226254135828,0.03209252285424529,30
0.007049194564314465,9,47.41390883840525,74.67766395337179,0.14411310972888122,48
0.08058445326178332,0,18.941309389511105,24.99569463976212,0.10300113194194463,55
0.05355538148796726,4,38.41388747781897,7.663580647524881,0.17452716050936706,73
0.08093243982852624,4,19.703414391351835,35.442494879305485,0.10112683068439177,43
0.09411208125336736,0,19.33740332436232,90.35584434325304,0.015528155197756256,21
0.052159939601135824,4,35.462335234857676,83.79083748518036,0.17175285586989444,76
0.07483558536657398,8,5.596296507675975,29.59428888586566,0.09183784674651237,40
0.03848036172211033,6,24.33238664595635,74.06261488943706,0.1725944797973925,66
0.05318890790075142,1,18.355400690893276,54.13696101572687,0.06904599073399449,54
0.08816624823327128,9,20.942209724774706,10.534548448133318,0.04447226094963406,30
0.05192245707802051,10,16.0408541374795,5.773215922511721,0.07820657382547974,26
0.09598628027134554,7,49.381100237813065,41.4735826967471,0.15077301476738503,38
0.08714684213765339,2,36.339341316624825,70.21460961818295,0.034338781541089915,27
0.08705269662693843,1,5.996366396268326,94.51141887560087,0.139325454243478,48
0.04957037502318911,6,11.427888416644933,69.20736470243689,0.041250422767230524,35
0.02043163833989703,0,47.814891292655645,77.64893026510181,0.12226732044332939,59
0.0857308902360841,10,26.341475943962912,56.06782949389499,0.12568529132291742,42
0.0009978776658449374,8,29.104546970641035,83.61177032072487,0.16427767258013887,75
0.08433261677878832,2,10.732388720015269,28.550878011851154,0.10631547935499863,52
0.04045686564040174,2,5.601545746672803,40.973923644293905,0.1295548465900684,59
0.0015508330626592183,1,8.013812541137218,87.73504531328386,0.07788098779577507,55
0.006656472791422285,8,49.17683041345137,45.04785714705953,0.10267364204498311,48
0.09892177539577501,3,49.87320592563277,55.905928494660216,0.0642324305271907,28
0.03725332737595508,10,36.79854185604184,37.4480399968017,0.07389638680627607,41
0.00453192789608946,10,46.817978101792676,37.9226537180449,0.166273541244394,55
0.06319886803961891,1,39.776430798065185,54.841916299356264,0.013292665155254424,53
0.07665150495325847,9,29.661456049890806,52.10731905083878,0.07004059821814605,46
0.0014628258877675715,2,32.92132032733868,74.22531871990871,0.033976201210147064,61
0.019497519990028925,5,38.749000930343186,90.82284887003229,0.15174306423278416,79
0.088912792394001,4,29.374088819754192,75.82672920560591,0.061380902638914006,46
0.04149712154000782,10,17.192421424236443,20.22541805245349,0.06276536164488311,25
0.042485084286808694,9,27.81768410324232,18.792038081532304,0.015394333876174816,33
0.06961561451379253,2,41.982392596341164,65.95107686407702,0.1592482901082737,63
0.02640619846937188,5,38.670477409935316,22.50418761708721,0.10574488381968715,60
0.08259177073160305,4,36.25884315021775,21.87156129979273,0.11906065318549781,63
0.08149397285405392,3,25.768531741487305,98.33056568184674,0.15734166814146183,58
0.07736625648956658,3,21.57562462074581,43.23462264033473,0.006229818558678213,38
0.05573371695730081,7,43.61541774129966,78.37723890172492,0.0857969863681781,34
0.020106515204994513,7,19.63807782627865,90.09608956904678,0.19923153469975577,63
0.024900873610908994,5,36.807703510124355,96.72635875263656,0.1653304114921281,74
0.09030937278765383,10,41.29992738620674,85.80232710072292,0.19952565948043133,36
0.0022425889162055123,10,43.21305524757669,40.60118017061106,0.0027397100817829092,23
0.008022224645571409,4,15.440818113896482,1.4381446072085025,0.15287067728728548,72
0.0038938016687665613,10,5.2405772384464,93.8413743858144,0.08296302387778945,38
0.04023349552373328,2,31.142767094968068,99.06791570657658,0.1513460334137136,82
0.038923047169178854,3,30.626801787751422,86.8410787941382,0.0758255316751294,53
0.03714859436594342,4,33.488269407478086,46.92852273257904,0.08861187246608422,67
0.046116690125391005,5,31.692119856776067,5.3347996988897695,0.09095286851053222,58
0.06747863021674105,6,43.86386395834772,11.006328420111522,0.1850094350686029,53
0.06442567236508116,8,34.1887530545967,27.528821345186017,0.031241313737324396,38
0.0635940326826711,3,23.622235939435814,20.4166559168243,0.008468455754476767,36
0.0948744395149711,1,5.861519059857651,77.91025863957867,0.1219394850305232,54
0.06996395696221218,7,41.126492067102525,96.09201469288247,0.10718701577042365,20
0.015369104284420454,4,42.52063779134723,64.2577610323634,0.01571156618474543,35
0.074056472325951,7,31.733725125637058,70.26402058582289,0.013305521642171048,29
0.06163144922328964,6,44.7311667433425,65.90454101322324,0.0422463662945862,28
0.0862996831358872,7,13.849411322883142,73.74260857706773,0.057303909785424594,21
0.046500951752642766,4,7.807733086922475,33.527905007829574,0.013403307550241994,30
0.09753431334790706,0,35.118887412284565,89.18931032565625,0.061210292704557606,54
0.041621805884534936,9,15.321459966695256,46.91072110475787,0.05371243349072852,30
0.01009781068177611,3,24.730552186276018,52.98812610885262,0.1970607664574571,94
0.021970679039140042,7,10.83555402009059,25.646306101676597,0.07106394969477754,34
0.06739942081457305,3,14.472812284940433,80.90236402916764,0.029384384716754156,30
0.015492531114344267,6,9.436231716008555,82.93142341257594,0.14133510673553998,51
0.06172188058779008,4,26.532325231518286,78.05560268872138,0.060724787628768054,47
0.04417464916377071,9,42.00715450334094,5.697872699736828,0.083721454983666,34
0.0458431424131438,8,30.842940879059494,66.72123371941811,0.15540985713035124,63
0.0538022705363903,6,30.31498405728713,76.51603288167664,0.1880838414601494,73
0.0015823171996820818,4,27.02266418329649,74.16414518360422,0.09851381415065952,72
0.03614037790671864,2,40.98730611284238,12.323257571632485,0.13970612504182742,61
0.041614536764060676,7,13.838864714240783,95.1444825663092,0.03509832547627147,34
0.04896244620502448,5,15.342202660892829,55.266226777674824,0.07443465104937944,48
0.06616672596291891,5,10.924411495696628,85.47034500931974,0.03306045722759226,23
0.040655678380810426,5,32.173294214312506,57.661400712971776,0.11175318892487954,70
0.03711695160195314,5,21.854670952081158,79.7732263348214,0.0734781457394141,52
0.08451208514960348,4,12.880541305865895,67.27646144124667,0.044100852687129426,24
0.021820753455217223,9,28.487885156535373,58.89330749455641,0.15033523440458385,74
0.00535144629130433,3,38.761959377247905,15.20485674244918,0.0916647189175151,79
0.03512193873487809,0,18.22770954576039,23.70847085173401,0.18970058864363895,76
0.09245224687319,10,31.547654726081394,0.6435211496795712,0.15450325721588082,55
0.07024883415884689,6,26.926940934502284,42.99852141210597,0.11938213810933124,63
0.017070836331248018,4,39.33020009994639,4.545250043579596,0.1293200887897324,72
0.02267411844069446,8,26.074858367021605,77.35527418648871,0.024680163041119287,32
0.08529819953305916,8,42.76311777411344,16.067958471184518,0.00499433242340992,17
0.04490387679301259,8,20.120317654554896,46.56825417622795,0.15467620955644995,67
0.061077073068503865,9,22.64421096070577,75.07696492110557,0.025097259359830138,32
0.07727714196650792,9,35.482690844999276,56.57815548409963,0.18582894344233747,60
0.0019155485551252906,2,28.613103694764447,77.52440518349492,0.04688512000230294,59
0.03450837455132338,0,19.949250692629473,29.377590617439076,0.008299833436615889,45
0.06533834984786806,7,19.289736511591478,84.81092350156301,0.18943229258004957,59
0.08848551176960044,3,20.768596250458884,91.293100477469,0.06795404845976875,54
0.05430214308667641,3,33.02102934274089,99.01088460868658,0.06237588715274505,48
0.03399718637932482,7,19.09234408233997,84.95342154879013,0.017797942971269333,22
0.0984845743967094,7,21.762901919905964,92.8630562115394,0.012361692137844528,24
0.009236052811137851,7,31.784577535709364,15.047227100599747,0.19361527629014672,83
0.02466586158054065,5,34.78611346866552,75.11771369540428,0.15077361654198262,55
0.05778911126940883,2,18.242003148670143,11.479692725128011,0.18830658205688822,66
0.0864962605115202,9,37.27042558124871,85.61324990137435,0.07135374232465452,41
0.07574644454507178,3,19.124513443176227,69.10558127392618,0.05432663625487393,32
0.034210762086359404,8,43.84109919810825,82.24946492902271,0.034668610595056173,21
0.04858174289126315,3,17.95754042041966,49.281958453282456,0.05998841395540453,34
0.016440552907887873,8,22.555410560975265,35.513164775381256,0.009049837803777572,52
0.02179087082520135,6,34.63976097228951,93.1554914309481,0.1641962034598282,81
0.08983864665840349,1,30.22609140504719,94.26591769666305,0.016546807924734154,42
0.025393777192369616,4,9.443174309719964,7.566110390411085,0.07230827975080771,47
0.022627525081659983,10,31.768132077585932,73.88666771330327,0.006488689209437393,27
0.06587176387270222,6,12.763574462586293,56.79742973160805,0.059271522702657675,31
0.034751879531375464,6,10.206559318113598,2.725001195081511,0.10471729704429059,49
0.02182598726937295,4,32.628663784635464,25.285811825011116,0.11552635086888452,76
0.08206961607667794,5,45.31478815366968,79.39293858599648,0.031660780021122874,17
0.005178588873281687,5,14.40767181680807,8.468834187530682,0.09333862417688168,58
0.0221238696446064,7,41.37825825021609,82.36236107489735,0.07692221519575365,36
0.04591240232866809,4,14.191104151047536,1.6756304492382412,0.13583983024023388,54
0.060168216401829615,4,19.03109616300959,24.977216244651977,0.1308320308572197,47
0.06192390320535817,3,30.29849649790363,71.47532764439458,0.013690090513203357,34
0.06127958355365104,10,6.981817072480897,69.33351537347066,0.1296471794764194,37
0.023148009591298827,2,23.14434902599635,83.36440104751723,0.16293420094199784,71
0.025533637376324414,0,24.985186092334953,75.00284121421912,0.1063322047528966,78
0.05377829347413765,4,8.154866283856563,39.525931543115775,0.036355773443472385,35
0.004191521671625753,9,12.56916450949332,87.9330215678474,0.11140810265500703,41
0.023138063637684805,7,48.59035725084607,26.23429667809457,0.06261002901262938,27
0.031658675990865116,2,9.111834718718413,31.48258293516488,0.008610480543133714,33
0.07809638636444353,6,37.91734088194126,82.4471517604549,0.029287251320563226,33
0.08446659090902243,3,39.5657680271397,50.047731586671816,0.08675411320360352,60
0.024950307968274178,9,28.134294914806688,30.8468281489484,0.11460844012380314,58
0.027199860534435606,10,37.07806981374297,69.66951114367485,0.06486916153901115,47
0.02338969314722035,2,20.561274428469126,67.1093157085976,0.16108600860919584,82
0.07832979829560477,10,25.448141951597876,78.0189268482995,0.1995245644502771,62
0.019113208844889686,0,24.39427558643699,30.44925327489508,0.03961910334405792,63
0.0916942048200916,8,12.210152043942783,17.093640242084827,0.08362895763255994,13
0.07572829782755008,9,8.785744801672228,39.310390755940105,0.020049112744575326,10
0.023381283309306413,10,42.35679423490632,94.82515377900793,0.0609204711548381,29
0.026451580398883824,1,46.690870908028316,41.96273828068103,0.010124494453814826,40
0.039289510889317904,4,37.90208050047127,94.67560351737032,0.15632309583927984,67
0.031370651205206525,9,31.4758499442419,39.76844144330547,0.1947600826714299,66
0.07094388646339748,7,45.69094811334043,37.47219705073764,0.10997371255524105,40
0.0050573103824228865,10,41.254196241350385,22.431855885352626,0.04521581420211254,32
0.033745427896422896,4,8.758621160600844,21.112594255803742,0.15049366751729887,55
0.005129384898121559,4,37.73881536012927,48.43911856008493,0.13876111139348235,71
0.020858836774105074,4,39.20724184055716,15.389990469377368,0.029849893948294782,55
0.026817436774491332,3,23.347209679935137,12.556557863725137,0.034258991564334075,57
0.03375324658838189,1,13.704590433041716,64.15044812562518,0.05196562758805989,52
0.08860861088135163,3,19.036035749151736,12.211151592428793,0.022227429466402483,30
0.07905205102716735,3,35.289145891004765,82.43504472493495,0.07939843244149483,50
0.015631697070886085,10,21.221352731369926,67.12708252291326,0.054128788396353135,52
0.08661015453778348,2,49.332854979080366,76.80054353132097,0.08687229962824355,45
0.044644192179654874,1,19.862810037593796,56.4231816684536,0.17011490560302323,72
0.05561906926300117,3,32.14364745266003,52.36005471526117,0.05071682339927384,55
0.047095005877251454,10,49.63832362573895,29.40674621767778,0.042063711257158735,20
0.08655623831722035,2,10.667983837071121,97.91515551006155,0.13476777965400094,49
0.08468872244289528,2,35.4417687284272,59.42418273085972,0.1206300240245894,66
0.0429062369302666,5,11.452791650490164,1.8386142151597284,0.09281333788090095,53
0.09430618974069715,0,33.13985764795042,74.70782671290289,0.04374277778130784,50
0.004499682123542437,8,49.86091483652099,18.345240115022932,0.11882837255129151,53
0.04113745714125894,8,25.940162027276873,1.3682414760681105,0.016319744000967674,33
0.0548145202728022,7,27.166955234981636,63.34117402421271,0.1611051827152114,76
0.03978841755570231,4,30.959654059004382,56.39195667556237,0.10005570704155207,55
0.09172680665776807,5,11.447665641618848,71.4718833502036,0.05867068428820197,28
0.05254703073558932,3,32.24665627366754,30.78863820162494,0.16750616681521113,83
0.02536355555140383,10,8.675027413704331,92.42870707946612,0.06516469215409695,37
0.012777465278999046,6,5.730954944425417,72.87780544506475,0.0647060824970983,41
0.03427309254279072,0,42.41832499005006,91.8397542081558,0.1299576093528599,68
0.010343411486048337,3,34.020630738156015,28.82515771673685,0.05975657421085032,66
0.014821746209932464,6,41.6874348990752,89.44043886485072,0.1647212841596379,48
0.08987878897373477,5,41.551615444565385,38.404263839110044,0.1332535722958077,41
0.013801548702005173,10,42.337528984473096,97.67943728275861,0.08094501276593175,21
0.008764983619465328,2,45.10931928621344,46.381424972767995,0.06400546331247839,42
0.048903577530762,3,35.698626016479444,31.52394346494508,0.02664198482732574,48
0.06323962564655086,2,34.99776881957175,11.956199775205645,0.11452857062311693,70
0.04259377084669395,2,37.8612135288307,61.91727353658367,0.03732798795953651,51
0.002568964486940817,5,18.838840797070535,49.20544893824006,0.1593017039447417,62
0.05510509532949324,9,9.862005171938321,47.84910701071892,0.11711274575866037,35
0.05413744209074383,3,34.33553895031073,83.24171834102528,0.19509460566280437,73
0.004809231041203544,9,41.90303759250422,4.157895984659376,0.09962598870960848,45
0.06893104121026904,3,18.84969073819171,61.36379029893838,0.1795870586887474,62
0.07302217177572493,7,8.358729398574296,90.77354331775128,0.19931313125779648,57
0.07004317991565039,5,30.04090868069699,35.86215819535914,0.18226783801572616,67
0.0675662902207073,10,46.87891143583819,67.61050258143518,0.0614477923695441,29
0.03700245241428159,8,16.289559495081512,12.044733999656543,0.11690862265189164,44
0.006203676362878153,2,8.452527208379834,16.60525214815364,0.01222093352392646,43
0.04993029460143253,2,25.328276419164972,35.472855673021265,0.08014083336689333,53
0.06596902729304743,5,34.17050609635307,6.144629013078751,0.1627446687444455,62
0.09405039528794026,5,11.090994573797783,19.763922059113014,0.03610364567848472,24
0.011120874733821874,10,20.213798421481762,12.68240225504188,0.07834849011245565,44
0.016266081510548515,0,32.89858541933739,69.81984306764998,0.04298330627734384,64
0.009859423024193648,7,20.54663841755506,80.30118815263205,0.10805577863748422,58
0.007928028463119175,10,31.674692339158316,14.83603372895168,0.034417206490525286,46
0.08699378328976891,3,32.64800033440957,52.36634160546107,0.06382469796409251,54
0.04699153720335954,8,42.279740192254586,8.01867568121133,0.09536777554662489,44
0.07834695600492678,4,13.783872405734714,67.84911686505812,0.06461994033326746,36
0.09877495390991886,9,12.97190854501815,72.20660642037853,0.008057103755599693,6
0.05806452259096341,4,5.4722138512975,89.50652888512458,0.029828165187947488,13
0.07859252762089135,10,20.383127847414144,87.38749555210184,0.0025814455961983953,21
0.035154226004969806,1,33.97804607514261,38.0951845023475,0.010913081656539793,45
0.05994611396587166,10,25.669914836024425,75.21286995435712,0.18110776758578023,57
0.04411505522306324,10,31.46002085433328,35.31028889383895,0.1599566728891567,65
0.05546870247883672,5,25.975233169632006,44.53865259778722,0.00291343095025578,42
0.016462842825866877,2,33.15428552422744,57.160764948294386,0.03696767958940499,58
0.005958709735314371,6,40.448398473606645,28.33640688911182,0.16744744364436362,54
0.0625329959704233,10,12.351504127928909,18.445905105988338,0.04045878983164073,24
0.03867070570439779,5,22.329617127036336,85.48057787992614,0.19048306119932873,73
0.019416286904608226,3,5.330036787628113,2.5809392863181735,0.11065812792460002,60
0.0520449404165286,2,44.51150807800056,55.78736756600732,0.19195820408097006,79
0.00455851579486688,10,31.514657645653497,45.42783967898225,0.09031311732111502,60
0.0936927863731139,8,10.71249861897377,12.328377929894685,0.1037123377331468,27
0.09895053333843225,4,47.70413001711506,14.255655503311559,0.07642789496651387,26
0.05547318032823543,1,35.2575415759417,16.987259440447634,0.011083177688448888,54
0.041367867898526034,3,31.08285937526615,2.221848202558041,0.19770799740914136,81
0.004142808881938776,9,31.971187626897454,72.86562842366027,0.0630727486532235,41
0.009696567096542475,5,32.788810177804024,20.778342096169144,0.1175394036575092,68
0.011236448194898564,1,33.24854367038014,64.7457940745546,0.16875100879745875,95
0.09616158070461657,7,22.969966108965014,40.96728692925191,0.19564413370531167,60
0.018089190137889833,5,13.764807395925164,81.0468217215466,0.05453012946249694,33
0.05218843281579432,3,43.989043259286504,5.961732534465902,0.13841011060794897,63
0.013998737672176288,2,25.684006882358183,67.57612928952238,0.12372205781878781,74
0.06328026106615069,2,22.820043487352685,13.300979890732878,0.03174735267486191,50
0.0949273106245617,4,24.53234792364305,12.757017457137088,0.08181702972697524,42
0.07308796233222077,10,23.82752900202501,35.781124933559305,0.11875612638869044,44
0.057559342864008205,0,34.51564908942798,19.881406093740296,0.06300210143668493,58
0.04730275033430207,3,36.47027598136894,33.056100230629085,0.148947345565842,77
0.041240306046786614,4,38.07613337854205,61.01079220362347,0.09763553506216281,61
0.04190994729170853,0,36.230783634758396,18.27511659874359,0.06380901486644797,61
0.0415514063062066,10,17.85316948530094,73.46083007105351,0.004789253054096699,15
0.01744092671114995,2,7.740586989477199,3.0930881393566034,0.14288282029409957,66
0.036164709484104454,7,28.461965966318353,89.65746584690102,0.03925886046221341,46
0.05969452234131726,2,41.37776970368103,61.16464193899924,0.05914951251900413,41
0.02557437015483004,9,13.13533177530708,26.879761503019818,0.03972891537948116,25
0.05551337867531885,5,31.534407281819643,6.7376871521925725,0.16630815726753312,66
0.01773265532239394,9,39.770194465767496,71.48995340913137,0.11579552931082904,48
0.08634798949128131,8,18.20906566063972,26.599769309265795,0.0665561737921591,32
0.05574049643141872,4,25.63333529841569,56.459063893346354,0.1326054407446295,69
0.09969494174116697,9,14.377980812824923,13.292804270798264,0.1276977569598271,33
0.03197431954076949,8,11.193338047926261,0.09294168699610639,0.18064472546894147,49
0.09117258769127758,8,39.20024952329443,31.259802490830012,0.08213652660205657,36
0.020969027743020088,7,41.16898562052932,8.37249378453484,0.07718790218738547,46
0.015137117126327494,1,19.78511674486093,5.446604736683758,0.03649160813049801,45
0.09652096385457352,9,30.87772580564666,20.681789313339628,0.10089118833387108,39
0.0645218575844664,4,15.45011109056044,40.532536064695336,0.05383231419832584,25
0.019863161386186913,7,42.1345117066834,79.50580176061311,0.06474616512208474,32
0.06577161472759535,3,21.950439819325812,33.92406611738363,0.012486265455556068,45
0.048617365410488306,7,41.55758258837679,8.24059718619482,0.11999357165221321,59
0.09262052018843452,6,43.575392181640595,76.46509503848735,0.02933902280303631,10
0.0690322846900729,6,43.39981474514545,32.81600723536078,0.010754462332396676,15
0.024357112586463194,1,7.865814537613253,17.712714419825403,0.0010279255171120605,41
0.04454095211057868,4,35.71936722698895,23.562285119164837,0.18871482880703544,78
0.07832154546566789,6,10.925910654629316,70.50409063535928,0.1483955459027972,45
0.06777232412013205,3,33.12408867692159,63.835057742043176,0.06142912962084231,52
0.01945350331684841,10,42.63989866114414,54.89096316400717,0.03783915847807098,28
0.07203839985864458,8,18.854335637346534,47.720007941796126,0.15861260567413119,45
0.046878988050679096,0,18.690883872223807,13.924684459410951,0.12240170599189107,63
0.030630099688753756,1,7.123851576382055,96.14166196420496,0.13583251366391255,52
0.024879178873917707,8,10.95295764429672,97.75899603450432,0.11652572920807312,46
0.09954741523468144,3,29.491580165686287,97.57788185489326,0.0738272387618409,37
0.05205438373048585,5,25.81670961973189,3.3267971169358423,0.02437761650645409,38
0.04158613394079476,7,22.85397754049882,47.40062659484451,0.0902533228146229,56
0.04679804624780434,4,41.793052023701875,89.50566039998331,0.17064849383942352,62
0.06735465781313908,10,25.611287746274087,25.66472071860958,0.15042286653939496,46
0.059605011576095025,6,43.054408502480406,25.96032837084785,0.00032875142248993687,21
0.0376414962520694,4,14.1908947865793,41.86951433276842,0.043926985718913805,40
0.016781459564602863,5,37.978663429932396,87.6192478269556,0.14455692012430424,73
0.023184129171472646,0,10.361330239822166,51.23928207321066,0.06976638149172602,61
0.07187181132622024,8,38.72205575258702,91.78408830935531,0.021605791498315853,21
0.023263663838677496,1,13.5443898093164,3.895784634846422,0.07836217892343433,51
0.044418340687836656,6,41.678244530411305,87.74521266031688,0.15463670025175166,55
0.0671587742938926,9,29.073500303424982,3.7697724914852793,0.16161356342320454,64
0.027944530731890262,9,29.227774067913096,99.21356394785828,0.17150612155038475,56
0.00973668937912211,4,29.059741538398573,85.8761429838704,0.06517626852315808,51
0.04281551730301199,8,18.1112482776985,41.73947823291479,0.07537337606943771,36
0.08759049249998946,3,41.353954055779155,73.74099443119462,0.10740826294839485,35
0.07088991127733162,9,18.412979052650186,32.04012861402149,0.032857368654481856,24
0.07831614309236973,5,37.30697109230458,28.360792341713626,0.06525643031378929,55
0.01390022051990777,10,43.42742969638338,1.3228812905293985,0.10235609131389614,41
0.07694425794215569,9,27.61095423932445,1.4381235984152974,0.16059626026182078,58
0.05037083870840708,1,21.967426895076446,39.33206703851887,0.10891106493093511,70
0.01598797633664414,2,36.542091425809964,19.427357100180142,0.08944020644328761,73
0.041120406721185415,0,12.009796726107657,54.70453456155777,0.01748930035997709,45
0.03773631767966508,0,6.791514775058922,27.398809946997183,0.1911298934532979,75
0.004310010894832406,6,22.649800704509307,94.77796979692297,0.028239812707436987,49
0.07635158436682123,0,27.866377339933745,62.02413542689121,0.0955484252799072,71
0.06285664006472833,1,25.262711772418662,53.11094963375276,0.14914353324095747,74
0.08259409191119182,1,46.58328449805574,82.0324088147201,0.1123727579619037,46
0.06191680442430584,9,31.841018393609467,81.43839206690815,0.07642469889199464,40
0.013226871509848172,9,48.54842711751721,65.77653832726,0.11287907606779793,47
0.0526082518417403,10,37.0699528543945,19.316000840843273,0.09426165491482424,51
0.047251544281958525,3,28.27820669685139,41.31073977271442,0.03986909789423663,48
0.05757858627744116,10,7.508338411434878,60.9812761548117,0.04816076321463465,22
0.038680724205188005,7,11.62234629927254,29.797723549584376,0.01795190011203143,21
0.030767908947794853,0,10.016945952745187,57.04094914036416,0.11631284088759775,61
0.07146956752357342,4,29.600476920379027,88.44787275967592,0.1107986511006262,47
0.016622936205165872,4,31.971784679239384,20.126378813447243,0.17804732435915419,85
0.011490634336191031,3,47.84281009875512,73.79277689988002,0.11948584851468401,54
0.022697853947152104,2,8.919918025764531,48.738444167204285,0.13828321150263043,55
0.026175110013448244,0,25.018359477239336,48.90484004492832,0.07032997446838107,69
0.07621745871816447,0,19.04863477038746,72.51111599333161,0.15926013268302644,60
0.08329373923186612,7,40.72708100533331,94.09923225744372,0.1246420746136014,38
0.08450396488966426,0,7.306855662919918,40.187627123673956,0.13475124595681795,58
0.04503503857807928,6,21.064209326089873,63.474414110402954,0.037283960970794915,47
0.02040643885466006,6,26.811028262133835,2.6867654044935296,0.07609637709860717,67
0.01061255854909955,3,37.18062589175996,95.71348325397962,0.08542100907206865,68
0.052504934024538465,7,35.63025679515817,66.67315298575897,0.10219414860901242,55
0.042876429111468356,7,6.7669273241897105,97.72838231769293,0.048470739027352466,31
0.05506604592365643,3,43.56339866493075,93.8714635374035,0.09847246070392518,44
0.07008656991254286,3,23.823099999206867,30.941279487044437,0.18734491117069804,74
0.017841609656349577,1,19.752927704861822,81.57453806261209,0.11946247566614238,76
0.03936355202774421,6,29.997377607633414,58.391928926113536,0.04139872024901164,55
0.02741203638192007,2,12.447489859864504,70.66041289942177,0.10706955361233135,46
0.06353233467083211,5,14.528563792358879,4.149732550990636,0.06441350703914595,40
0.06669274474586807,2,18.782054915207663,26.50812843385726,0.139238490060218,56
0.019287056868961427,6,16.65069236569128,5.282668636472199,0.1452169702967701,56
0.05324709078838974,6,32.02624386442112,16.625533034970065,0.07594748096432975,49
0.06171942271169667,3,31.220876594956227,12.410736771377739,0.02428298110099443,42
0.03283854996166054,10,33.05208046819582,60.24691704572665,0.09795717359764816,55
0.052865660398927566,10,11.136664736040462,72.80122577961974,0.162629531033597,46
0.03855535644013139,5,38.74791568110835,80.51168513161777,0.027369033317271363,39
0.006971942583372948,3,46.519031282160746,50.23718199720955,0.0655767988036517,40
0.09205358851025547,9,7.234767115687349,62.351919517415446,0.012621273823109248,9
0.03246091685101615,7,48.7607625512556,51.801043137609796,0.12283724886380228,48
0.04291494919583219,7,38.75689532441806,45.68178045561352,0.1691334698197543,63
0.011423713859139584,9,27.721015306256266,76.87471313625129,0.012389303715797585,32
0.003646105082561846,3,24.12290835780937,38.28831472841835,0.14381512410216235,83
0.05475178840599945,0,42.97970623739111,26.240837648930192,0.08434252350518329,50
0.05776130806371337,5,34.42040380060077,35.01986810232191,0.12344391659889163,60
0.0884807947030651,4,9.47726009928341,76.65959447120517,0.19325485954963717,60
0.02852058026804141,2,35.83285309750012,29.004402817798656,0.04029278421070659,62
0.026520853699682913,0,9.303831321067218,41.9136174442055,0.02265992087965354,45
0.016459927369957474,5,16.238488065320986,34.327548906444825,0.1704096831609386,59
0.05592181317684582,9,38.829685445734015,90.62335194351387,0.14868703479123888,61
0.06949183797815076,4,22.73405687485264,85.09518994068,0.06917177159505386,47
0.00352151735255235,8,23.28874414583084,87.98377479414678,0.1297365906714729,65
0.013128797200482423,1,43.023688413804564,47.63223522069043,0.13395089024364956,71
0.040237305072246765,2,18.543484383422978,18.40447720502135,0.15129021759778238,55
0.061662197816527514,4,49.797993560713984,45.027681044159074,0.050506077927288895,34
0.04428293703843242,6,14.409381406532642,13.035313004326554,0.04070697477737928,30
0.0565415939752538,4,19.30571031979776,0.8777211947929464,0.07642658176519757,48
0.03018093696626937,0,8.90179554180381,53.836310210102276,0.1826459372558541,81
0.013369565439943621,1,38.81404928890862,94.13343927869016,0.1353234467105013,75
0.0363403931999427,9,24.28899256438393,62.85021702362039,0.04303112432481111,46
0.0997518131172675,10,40.90991158486508,73.85460533969635,0.012758911250719575,3
0.0387223141210207,2,14.156959754989064,95.45538424175,0.18370432055410357,64
0.04051485536784066,1,41.08280758037627,43.45309633044954,0.17390673436299597,67
0.018065754131130318,2,29.415799713468004,65.35867700444199,0.05479775630860362,61
0.01333444673163704,1,38.406647169040184,22.833125236861086,0.011691597447375402,70
0.029992939747306626,9,21.620935854024452,66.3742738625387,0.023647678494428104,49
0.0016660471244215993,5,40.80471037976489,7.748297379238589,0.056462766842144047,49
0.05852968283343113,6,5.330887004949214,69.17201141346888,0.1322685357889449,47
0.09790318407916675,2,28.152032104041744,85.68353497231763,0.09337561982462089,48
0.03597198619102696,8,40.90121066034826,86.43662664559733,0.09137761434745338,23
0.09667061400184607,5,36.010449072309115,86.36410524171562,0.1993618361362218,62
0.04268583287950896,6,6.368714636358559,72.68769061397717,0.17480273426174314,51
0.006220509152569099,6,48.73303855964681,51.26152441031999,0.0581753708463165,41
0.04694068419892581,2,18.720640597327858,19.26763964867003,0.025814249386176293,41
0.04716263651952617,6,5.429450888025199,7.530143359846974,0.07517049303639585,35
0.08205446477459871,6,49.46558341795859,48.523045576535615,0.03583278365803018,23
0.07096713435045245,2,28.469794275993518,12.464742899281333,0.1922829080847278,85
0.06359107657097383,4,8.564591750376687,4.705837946001889,0.0038896100736162346,23
0.09358261334028228,10,6.2197993551304895,78.35015025879089,0.0021026449083306974,0
0.0761889894377484,0,30.579437944872648,79.19930334057096,0.19733752232340485,79
0.09088654063190037,6,20.111736408869053,61.5069754014698,0.18538151242917283,58
0.09620584989413516,6,7.272832657226295,54.730474411468435,0.17808818960021716,48
0.03243288791369666,8,17.555373065650848,40.496858737618844,0.1997585871631309,53
0.0054966306839822066,4,22.652016868559617,44.75518551060619,0.1460003442161723,77
0.0074334608886071464,1,18.644890272991276,96.6558439380544,0.18894147633449634,73
0.033487829013698504,0,45.9317925999925,0.6183822640896675,0.1621367140675184,69
0.025763199876352918,3,38.69143152976198,21.314211931393668,0.17343547089027045,83
0.09558431471751638,6,28.999559653682226,40.56452594472375,0.033832378768484044,48
0.022726105355966232,2,9.669035459113537,29.542203631376495,0.018111893520184098,39
0.0668003250743014,1,21.693817066647608,77.21520276158381,0.03409250231632841,38
0.04318070951077773,7,20.11295691676922,51.38665257132716,0.15932897380302763,63
0.033798155046983615,3,15.723035174889121,22.43829797997955,0.10090058481096716,53
0.044551781449316125,10,36.81303433220402,65.43464596528577,0.1745039903658725,76
0.024414756050690725,7,31.23975907759541,71.80141781270015,0.07440871356244148,50
0.039447939083885754,10,37.317557640223114,12.442188685189349,0.11991945200881081,51
0.0550351278838751,3,42.685231778755785,32.298968317686835,0.1778024380221919,61
0.026677206362392392,3,15.36436511072949,10.64117629028446,0.16435048339707808,64
0.01389689918866246,6,19.203494691521854,49.101976266891,0.06414671646231425,40
0.0974904272810235,1,40.07143266508039,52.249680889058844,0.12820497152707094,44
0.07863316553950406,6,35.65769497395952,71.59846935417241,0.12146488335861319,52
0.0064094711036175485,5,49.39193307072783,27.826766081876965,0.07908365404847562,46
0.06871899964686766,5,42.97157886462377,46.032905064276505,0.043517587986328904,35
0.054480108527609844,3,9.030471094233981,71.53641152288897,0.05422845067611762,26
0.07603282214041378,9,5.332635564993186,50.91354129215991,0.027863896475609273,10
0.03032829394045271,5,21.13976133619066,26.779247452263377,0.08644621190090165,50
0.009148751838745873,10,34.00182776842672,18.28645267548724,0.04648080924288263,43
0.01760247550411338,10,39.48104627421705,30.409463597128383,0.1623254028889707,72
0.02939167605049338,9,49.27578637537236,90.9743686712684,0.17035806773210835,55
0.04579632144895355,8,38.830917361411984,56.826861626876834,0.054933173957581086,58
0.04744349141471741,4,28.322587430991998,72.22160986736462,0.034831338479079266,53
0.04446276579139047,10,25.21706713095365,29.64448877441531,0.18592992154026566,70
0.012461338567832736,3,19.526440705153263,25.810764317341473,0.09279708348807617,57
0.010621382758845622,5,18.58100251375198,89.97430784088716,0.12568139152819796,56
0.04386490184359845,0,42.54461580872294,57.73534012196677,0.1292814750456178,70
0.0034376858351725216,5,8.837075372525483,86.61837088690295,0.0998372901866661,36
0.0296537589620262,9,24.44047515186632,99.9049498103645,0.044065478687516514,40
0.04885424664402571,1,28.768516779036027,46.72609960075026,0.021342363820470858,48
0.06495560067569618,4,10.80887878141078,74.22987567339443,0.12862087052357005,49
0.021986195636897687,6,11.104766022217,26.004804025243388,0.07701161114379235,36
0.09429827840711358,1,48.62709047327802,45.39261364217959,0.10139992402866949,47
0.08582067909770298,9,20.343288813934485,99.76722632646592,0.052710295899355566,30
0.027913047077426967,3,34.43992079130558,99.81999076656176,0.014992008694002613,44
0.03477824030488872,1,7.937454090490875,82.18393227529025,0.12926198673147626,49
0.06473421343730912,2,29.263598578113484,25.50934328323794,0.1535752727267423,76
0.021266428651134286,1,42.187564022024986,70.1499101465166,0.09186873111879129,59
0.00551015351588311,1,25.86299334545524,78.4271299306717,0.18937603926820473,86
0.09314789925966807,5,46.12443306448083,98.10448622544658,0.13236214571488494,30
0.08168902895041684,4,34.80044712483169,71.53223105291356,0.05362864592238417,37
0.06555099718461126,0,5.536309234020894,13.969237260293866,0.14314718528215906,58
0.0972793701656444,6,27.229061711308457,86.93523009923474,0.1473652911503008,66
0.013722714661687108,8,44.47042104480296,24.317998026422593,0.11011412690827285,48
0.019249315063582708,4,16.441662244501874,63.10493932702206,0.004996816456369891,34
0.06057537305209344,1,20.40778054831368,54.647636102537646,0.018270648544711166,58
0.07566465493523988,5,13.396554359292539,18.82321997690456,0.03684973031453485,27
0.08403481775885081,5,7.20520902370731,57.27702766869458,0.1638991370772105,47
0.03267388905686336,8,17.782627506819306,99.4774954573906,0.19331178371102864,47
0.083839963809219,7,38.37578580463204,67.52308375620375,0.04117639763566423,35
0.03524810469433511,10,36.22384228440795,30.581351128366396,0.15184779593139902,59
0.051283536243514206,8,9.754265545201882,81.28509715367578,0.11575129527199986,37
0.06182850210137199,1,8.18561462050285,66.03882523958255,0.16183896073134826,62
0.09503070137361813,3,33.820127329696376,31.416206383697208,0.19159421329649082,83
0.003342357243550376,8,12.49265961722818,71.22202051771586,0.03517805668373242,30
0.09148349499968782,0,5.659120727261903,92.11438801808418,0.19521720483991434,52
0.02222827666385853,7,11.597655072192904,64.59278930230393,0.04657582923036301,38
0.059368461990873325,9,18.925815940078206,44.79716563821899,0.0810943352660837,26
0.09840894639665143,1,49.2768923064081,90.61375361274794,0.011089047140768284,19
0.025896160502497524,0,45.31170792020876,10.347506364658464,0.13131254047993046,72
0.09069855184382437,6,15.038885053803869,54.566866496863476,0.13679502598302826,42
0.0469059744390119,2,18.66807708012947,9.301740926267499,0.028773593268665954,30
0.010466044034648115,9,28.0967227056699,10.722239420848744,0.08469640184986656,65
0.08400188319206986,3,12.508186019250994,92.37313958767761,0.16429425055523816,48
0.03540645623550941,8,21.46546843780134,22.939350215438203,0.04366062236230246,47
0.014059191817336558,0,12.362729186222431,69.17776391419824,0.13485871474000494,55
0.09799554473582785,2,15.182480036471317,13.180682989667936,0.1774085488893924,52
0.0857096939609916,1,22.227502764579587,63.06352949830804,0.08602854641936526,54
0.043776505498812845,2,30.80443214100475,9.834492159021313,0.08985490939132997,68
0.04740762641078577,1,17.05987700979701,91.22082367815256,0.12663573497915445,47
0.07210546608978718,5,37.37246700086691,2.812150627792376,0.07506426915460276,45
0.08230035744469348,10,34.35265007683008,40.51971425753297,0.11920871909552944,49
0.010745055262890813,9,45.93039923211355,26.96300087671828,0.16393540055609182,61
0.09654486346006214,4,8.778315355102702,77.00212284558286,0.1260350169774083,31
0.09884904844868048,8,7.7793073830589865,73.43500353352958,0.10434668377064914,28
0.020375548584994376,8,20.400148615050703,98.138333424128,0.1259367190518406,56
0.041616094640615775,6,49.37795587776627,82.08490092631287,0.056295460490183885,31
0.09287634212054924,1,18.765266596768395,48.313464556549945,0.012636619372045299,22
0.06111415232112462,7,12.82836676565024,36.121605897581176,0.1274604313076048,43
0.05347994662811925,2,26.354010318009834,81.60567571143235,0.08641345701332355,54
0.0796390722619709,9,45.09597573352452,81.36088133673559,0.14299056471035543,36
0.0154415757539213,3,9.210173311055101,1.66715505996331,0.17470685284904294,69
0.023647491223869457,1,20.536904842567388,17.27567562462099,0.12439615801877482,81
0.06643393666056822,10,39.30625461682278,14.387615538978016,0.0017238005183560557,22
0.0019972932578028123,9,24.588172588443534,52.515389411162836,0.03992576153198351,53
0.014551730038742494,4,37.94986428405,23.30189643968348,0.16262840089634512,85
0.05884312404534523,7,15.652421413422482,62.8030464569537,0.16598791864248869,44
0.08670116069106004,0,29.355719649522356,5.290743327066439,0.1402288439933307,68
0.005572798570098448,9,21.14341297442999,99.56451766743493,0.09603670305237758,68
0.09167560031187467,1,25.300853140902863,71.8699265972796,0.11724709975615233,55
0.049236704870124895,9,8.675589418985929,21.772489879890223,0.05006805347627721,26
0.048682821194123684,2,33.6688649984622,89.86677015526638,0.0913017710683066,65
0.014943625851829423,8,33.03293198825217,44.68741952004389,0.1555969943141874,69
0.040633223096376785,1,36.968981675558524,41.89236247929187,0.10345443395086212,68
0.008421301117709834,7,43.48244052371628,35.87557620212738,0.12622340557844697,51
0.030644233655024302,4,48.401970126073444,28.943636803002192,0.09592501934889162,58
0.09728441586600224,1,9.52058973564358,50.91579655626026,0.00493399090809743,17
0.053330836245874085,10,35.812632374645204,21.208123747737773,0.04779953604231027,36
0.02812845635530341,9,46.627905040117476,36.61131179287512,0.02072734529615912,20
0.02688569129041717,1,35.61128097486683,82.54398957486288,0.029321660072000634,58
0.015966634936715074,8,6.418086938699521,12.16052593480571,0.12661702529924768,52
0.01340248943189918,0,23.01604820779238,94.71529360063548,0.08129254359041445,72
0.077183603523011,3,8.630139532602982,67.23482676428648,0.13783628208550333,45
0.0813710270757308,1,14.04101028584851,80.51192087546649,0.17002654693700736,52
